open_issues,bugs,security_issues,open_prs,recent_commits,risk_score,risk_level
102,19,4,14,42,279.0,High
71,20,6,74,10,412.2,High
87,20,3,23,2,310.5,High
21,20,1,29,37,162.29999999999998,Medium
1,20,0,75,21,208.5,Medium
107,24,0,58,41,310.2,High
91,15,6,61,46,343.5,High
61,18,3,54,2,313.8,High
100,18,6,20,8,356.4,High
38,17,3,59,13,274.5,High
113,8,1,52,1,278.40000000000003,High
83,14,3,70,43,291.0,High
7,14,2,77,16,224.70000000000002,Medium
35,17,7,3,1,273.3,High
5,21,1,3,28,120.9,Medium
62,17,1,43,33,219.29999999999998,Medium
73,3,5,47,14,249.3,Medium
71,13,6,61,39,315.9,High
84,15,4,52,23,313.2,High
25,24,3,59,44,263.7,High
40,14,4,64,24,271.2,High
70,8,7,0,43,206.4,Medium
7,23,6,10,16,250.2,High
7,2,2,32,4,99.60000000000001,Low
105,6,1,40,27,207.6,Medium
6,8,7,11,33,158.1,Medium
32,15,6,22,23,241.79999999999998,Medium
36,2,3,34,0,160.2,Medium
98,4,6,77,2,362.70000000000005,High
0,4,1,13,38,15.899999999999999,Low
26,8,6,14,25,178.2,Medium
41,12,2,62,31,213.0,Medium
102,16,3,3,29,242.09999999999997,Medium
100,22,6,14,42,330.6,High
28,3,4,31,6,162.9,Medium
58,18,5,27,1,306.90000000000003,High
41,12,5,56,5,289.2,High
27,11,3,29,10,183.9,Medium
118,24,6,61,32,446.70000000000005,High
0,24,2,61,12,257.1,High
104,2,6,69,7,339.90000000000003,High
26,8,5,36,32,184.79999999999998,Medium
50,9,3,23,14,185.7,Medium
58,21,7,51,48,340.5,High
61,16,1,51,11,250.5,High
38,1,2,55,16,150.9,Medium
58,16,1,1,27,152.7,Medium
53,22,4,0,18,246.00000000000003,Medium
1,20,3,31,5,215.7,Medium
31,22,3,54,10,292.2,High
55,16,6,37,23,297.9,High
68,19,1,69,21,291.90000000000003,High
10,15,7,72,5,330.0,High
79,2,3,58,35,205.8,Medium
18,2,6,18,19,145.79999999999998,Medium
95,6,3,32,39,205.2,Medium
38,17,7,0,10,261.6,High
91,24,0,49,22,300.3,High
30,9,2,6,15,117.0,Low
89,15,0,59,48,227.70000000000002,Medium
1,0,7,11,4,138.89999999999998,Medium
36,22,0,18,47,145.79999999999998,Medium
79,2,3,23,32,156.9,Medium
23,19,2,71,35,242.10000000000002,Medium
37,7,3,24,28,142.8,Medium
17,13,1,65,34,173.10000000000002,Medium
79,8,3,32,3,241.20000000000002,Medium
32,13,4,47,19,236.09999999999997,Medium
119,7,6,66,16,372.59999999999997,High
32,15,3,58,21,244.2,Medium
118,21,5,29,37,356.70000000000005,High
101,12,2,53,7,300.3,High
26,1,4,29,32,114.29999999999998,Low
27,14,7,68,47,288.0,High
18,3,2,63,48,112.5,Low
16,11,3,29,28,149.1,Medium
45,20,5,36,23,290.4,High
92,16,5,52,30,338.4,High
98,0,3,62,20,240.60000000000002,Medium
31,22,0,66,17,247.79999999999998,Medium
24,9,6,53,2,267.90000000000003,High
103,13,7,31,46,318.90000000000003,High
85,22,1,26,41,241.8,Medium
1,16,7,32,8,261.59999999999997,High
42,21,7,38,28,325.79999999999995,High
41,22,1,49,24,243.89999999999998,Medium
23,12,3,6,35,120.6,Medium
44,19,0,7,45,123.30000000000001,Medium
15,13,3,14,27,138.6,Medium
97,1,7,62,21,316.2,High
50,24,1,62,21,289.8,High
57,21,0,51,41,221.7,Medium
69,14,5,59,36,302.1,High
96,7,4,59,43,266.09999999999997,High
107,4,6,67,5,354.9,High
108,19,5,46,34,361.8,High
54,7,3,15,12,168.9,Medium
113,9,5,18,16,287.40000000000003,High
119,18,3,57,25,360.29999999999995,High
100,20,5,22,8,353.4,High
11,20,0,57,0,218.7,Medium
110,1,7,47,24,305.7,High
103,12,4,0,15,249.60000000000002,Medium
60,6,7,62,4,322.2,High
21,22,2,75,25,275.7,High
15,18,4,56,28,248.4,Medium
77,4,6,61,4,311.09999999999997,High
75,15,1,47,20,244.5,Medium
38,3,0,22,9,85.8,Low
117,4,3,33,30,231.89999999999998,Medium
9,18,1,0,4,132.0,Medium
108,3,7,23,15,290.1,High
118,1,0,31,26,162.9,Medium
83,23,3,49,34,324.3,High
32,0,4,50,42,135.0,Medium
100,11,2,64,32,279.6,High
39,9,2,43,28,167.70000000000002,Medium
12,11,6,45,1,254.70000000000002,High
114,17,2,7,28,251.69999999999996,High
25,9,1,33,40,103.5,Low
6,3,1,74,28,120.6,Medium
119,3,0,20,35,148.79999999999998,Medium
9,4,0,23,34,28.5,Low
48,2,7,35,17,227.7,Medium
112,6,7,23,22,304.5,High
61,4,3,54,12,217.79999999999998,Medium
22,24,2,29,16,230.70000000000002,Medium
112,19,7,12,18,370.79999999999995,High
48,3,3,60,40,171.6,Medium
18,11,0,70,27,160.2,Medium
77,19,2,15,4,260.09999999999997,High
98,11,0,51,20,236.10000000000002,Medium
99,20,6,15,38,323.7,High
108,20,1,57,38,307.5,High
13,4,2,74,17,166.2,Medium
110,11,0,73,43,255.9,High
16,5,6,45,12,210.29999999999998,Medium
39,9,0,49,26,143.10000000000002,Medium
65,4,4,36,37,183.6,Medium
82,7,7,64,21,337.2,High
115,16,6,70,24,418.2,High
44,3,3,69,30,192.3,Medium
18,11,5,38,26,203.4,Medium
73,18,6,66,44,349.8,High
12,17,3,57,19,233.1,Medium
91,7,4,38,0,280.2,High
2,12,3,61,48,162.3,Medium
24,23,0,37,5,216.3,Medium
57,11,4,31,44,200.09999999999997,Medium
60,14,4,79,20,322.5,High
74,4,3,18,19,171.0,Medium
56,17,6,48,13,333.59999999999997,High
14,0,4,53,2,165.9,Medium
15,22,0,74,11,247.8,Medium
73,15,7,75,23,388.5,High
27,20,7,35,25,300.9,High
7,17,3,40,35,182.4,Medium
63,21,6,16,8,324.0,High
32,20,3,76,27,294.0,High
111,12,5,34,5,340.2,High
81,18,7,68,46,378.0,High
24,1,1,55,29,100.50000000000001,Low
113,12,4,32,0,327.6,High
17,14,0,10,20,95.4,Low
25,24,5,58,26,319.8,High
48,12,0,0,20,105.6,Low
111,22,5,68,30,421.2,High
4,5,2,52,22,122.4,Medium
100,20,4,73,9,410.7,High
82,16,4,77,8,372.29999999999995,High
109,0,2,44,12,218.39999999999998,Medium
3,0,0,31,33,10.5,Low
91,7,6,25,33,257.09999999999997,High
53,21,2,49,11,285.90000000000003,High
64,21,3,4,29,228.0,Medium
93,24,0,46,22,298.20000000000005,High
78,4,4,13,1,207.9,Medium
74,18,6,37,33,320.7,High
37,17,1,29,14,191.1,Medium
90,18,6,51,37,356.1,High
96,23,6,29,41,355.5,High
50,16,4,28,3,266.4,High
9,23,0,73,16,239.10000000000002,Medium
83,23,4,33,5,353.1,High
52,1,4,42,47,147.0,Medium
74,18,6,22,15,319.8,High
94,10,5,15,7,276.90000000000003,High
3,7,3,55,24,153.3,Medium
66,2,2,31,49,114.89999999999999,Low
60,18,2,20,4,241.2,Medium
81,9,4,21,20,230.7,Medium
69,0,4,11,25,141.3,Medium
45,1,0,77,25,145.5,Medium
44,8,1,46,21,162.60000000000002,Medium
110,23,5,62,47,396.6,High
60,16,1,35,0,238.5,Medium
7,16,2,51,14,200.1,Medium
46,23,5,13,25,272.7,High
27,22,5,1,44,203.10000000000002,Medium
25,13,2,55,6,219.3,Medium
2,14,6,17,37,175.5,Medium
98,18,6,63,24,399.3,High
118,4,3,73,38,283.5,High
56,16,6,43,24,306.9,High
16,12,3,24,3,177.6,Medium
9,2,0,17,46,0.0,Low
99,14,5,33,46,287.1,High
7,7,0,41,40,63.900000000000006,Low
100,5,3,25,33,201.9,Medium
58,23,2,69,36,303.90000000000003,High
32,20,5,20,5,272.4,High
69,22,7,3,29,310.5,High
74,23,6,8,2,344.40000000000003,High
114,7,4,35,23,275.69999999999993,High
94,5,1,74,3,268.2,High
78,5,5,50,1,287.40000000000003,High
78,10,7,25,44,264.3,High
43,4,5,25,3,199.5,Medium
18,19,0,19,48,106.5,Low
11,14,0,13,37,72.30000000000001,Low
36,10,6,76,42,274.8,High
2,0,5,49,9,155.1,Medium
4,22,1,43,1,218.10000000000002,Medium
12,7,1,64,36,127.20000000000002,Medium
72,16,0,74,14,276.59999999999997,High
23,5,6,34,29,181.8,Medium
94,16,4,61,43,320.7,High
49,13,4,74,8,310.2,High
33,11,2,34,0,192.6,Medium
39,21,3,63,28,287.7,High
71,10,0,13,29,129.89999999999998,Medium
34,20,4,4,18,217.20000000000002,Medium
77,3,0,41,24,143.09999999999997,Medium
17,7,7,38,39,198.60000000000002,Medium
13,18,4,37,32,212.7,Medium
22,14,0,24,16,127.2,Medium
96,14,6,65,13,389.09999999999997,High
52,7,7,50,38,259.79999999999995,High
50,5,5,66,6,271.8,High
50,7,1,63,14,197.7,Medium
110,0,3,26,35,183.0,Medium
28,5,0,26,32,64.19999999999999,Low
67,21,1,9,4,233.09999999999997,Medium
73,0,5,37,12,218.7,Medium
30,14,3,51,14,233.7,Medium
28,7,4,28,46,134.4,Medium
67,11,4,1,26,188.7,Medium
94,18,2,35,35,267.3,High
25,10,2,68,19,205.2,Medium
10,9,7,37,5,241.5,Medium
71,22,6,45,42,342.3,High
11,12,7,61,17,282.3,High
88,0,6,59,42,251.70000000000002,High
75,11,3,67,4,305.7,High
119,4,7,30,8,328.19999999999993,High
117,18,4,77,39,389.09999999999997,High
40,21,2,22,0,243.0,Medium
45,4,4,35,22,176.1,Medium
56,0,6,53,39,207.89999999999998,Medium
14,20,6,72,8,343.2,High
73,19,0,25,40,191.1,Medium
34,19,0,74,37,221.4,Medium
1,6,1,33,26,73.5,Low
16,10,2,50,23,162.6,Medium
24,6,3,69,23,194.70000000000002,Medium
32,16,4,62,42,248.99999999999997,Medium
21,17,4,48,6,264.0,High
80,19,0,48,19,259.2,High
117,21,3,62,39,366.59999999999997,High
48,6,0,12,29,76.8,Low
86,18,2,55,18,308.09999999999997,High
61,16,4,29,15,266.7,High
39,18,1,0,13,157.20000000000002,Medium
114,14,1,65,27,303.9,High
112,17,5,37,3,378.29999999999995,High
0,7,4,54,38,149.4,Medium
2,9,1,33,32,85.5,Low
86,22,3,31,49,276.9,High
6,7,0,56,2,130.79999999999998,Medium
87,22,2,71,46,323.7,High
100,2,2,7,33,138.9,Medium
34,23,5,31,45,261.3,High
106,15,3,36,20,301.2,High
13,22,7,6,9,271.8,High
6,0,6,18,47,85.79999999999998,Low
18,3,4,59,17,179.7,Medium
1,0,6,68,19,188.39999999999998,Medium
10,9,6,1,2,173.1,Medium
86,22,3,19,4,312.9,High
36,5,7,8,33,171.6,Medium
52,11,2,23,16,179.70000000000002,Medium
73,23,2,13,8,271.5,High
39,1,4,24,38,115.20000000000002,Low
72,21,5,3,25,276.9,High
57,12,1,36,10,200.39999999999998,Medium
69,17,7,41,35,330.3,High
40,5,1,16,36,76.80000000000001,Low
24,5,1,75,22,162.9,Medium
116,9,5,26,30,286.2,High
5,7,1,11,44,29.700000000000003,Low
52,6,1,44,16,163.20000000000002,Medium
25,20,3,61,45,241.5,Medium
63,1,3,53,42,164.7,Medium
64,18,4,35,25,279.3,High
28,20,2,39,10,236.1,Medium
35,16,2,38,39,184.2,Medium
98,21,1,54,46,287.40000000000003,High
23,21,5,68,32,307.20000000000005,High
35,14,3,61,44,218.7,Medium
106,1,0,25,1,169.5,Medium
116,8,0,39,16,226.5,Medium
0,24,4,42,39,232.2,Medium
41,24,6,34,2,349.8,High
113,4,3,43,29,243.3,Medium
101,1,3,18,36,165.0,Medium
43,16,4,16,9,232.79999999999998,Medium
56,22,0,46,11,255.0,High
61,15,7,7,30,263.7,High
20,16,6,79,5,340.5,High
71,24,1,11,14,246.89999999999998,Medium
58,8,4,25,46,171.9,Medium
31,9,7,70,16,303.0,High
22,20,5,6,13,229.8,Medium
78,20,6,8,47,277.20000000000005,High
71,17,2,38,34,239.39999999999998,Medium
17,9,6,16,13,190.8,Medium
30,23,2,59,44,245.7,Medium
97,2,4,42,39,216.59999999999997,Medium
89,22,6,38,14,387.0,High
119,16,3,24,12,314.4,High
81,0,7,41,43,233.1,Medium
65,22,2,41,33,267.9,High
29,22,4,12,17,236.4,Medium
31,2,2,38,45,88.19999999999999,Low
115,16,4,61,43,345.9,High
56,15,7,9,29,261.9,High
24,6,3,4,0,124.8,Medium
93,16,2,44,13,294.0,High
119,17,3,17,36,281.09999999999997,High
24,15,0,52,45,142.8,Medium
78,8,6,48,23,294.0,High
67,11,2,36,36,193.2,Medium
42,5,6,55,45,216.89999999999998,Medium
87,10,5,76,33,328.79999999999995,High
24,6,3,3,7,114.89999999999999,Low
19,21,4,73,42,279.90000000000003,High
97,24,1,40,48,280.79999999999995,High
2,23,5,4,4,231.6,Medium
53,14,6,48,8,318.0,High
98,19,1,60,41,290.40000000000003,High
34,17,1,61,16,233.10000000000002,Medium
87,2,7,12,46,205.2,Medium
88,8,3,13,36,183.9,Medium
97,10,0,55,2,256.5,High
91,8,2,24,33,189.6,Medium
75,9,0,78,39,214.2,Medium
24,4,2,58,33,136.20000000000002,Medium
87,14,5,71,4,380.09999999999997,High
47,17,5,36,47,245.99999999999997,Medium
76,4,4,39,44,192.89999999999998,Medium
95,18,1,66,39,292.2,High
97,7,2,76,44,255.59999999999997,High
32,5,7,18,15,203.4,Medium
39,0,2,58,47,113.4,Low
40,12,2,44,24,193.2,Medium
52,9,3,62,26,232.2,Medium
37,6,4,44,30,182.4,Medium
22,9,1,31,42,94.5,Low
52,6,6,1,13,192.3,Medium
76,11,6,65,31,325.5,High
12,13,2,16,39,105.60000000000001,Low
94,1,3,63,23,239.70000000000002,Medium
108,2,7,69,18,349.5,High
29,6,1,62,27,149.4,Medium
59,14,5,36,28,265.2,High
21,3,3,67,26,166.5,Medium
63,16,3,21,16,237.90000000000003,Medium
9,21,0,21,25,138.3,Medium
119,17,1,13,46,227.09999999999997,Medium
28,11,3,51,11,216.9,Medium
6,10,0,5,46,19.500000000000007,Low
78,18,2,57,22,296.70000000000005,High
25,1,5,28,3,164.4,Medium
80,2,4,38,14,220.2,Medium
118,10,3,31,1,300.90000000000003,High
46,13,3,21,10,206.7,Medium
26,2,0,55,27,93.30000000000001,Low
92,20,6,79,36,413.7,High
58,19,5,18,4,295.8,High
2,0,1,37,14,59.10000000000001,Low
33,2,7,24,23,186.0,Medium
11,17,6,79,26,310.5,High
71,13,0,16,28,153.6,Medium
52,7,6,26,45,197.4,Medium
49,19,6,2,28,250.20000000000002,High
63,11,4,23,2,245.7,Medium
19,13,6,24,29,210.0,Medium
77,6,0,8,37,95.99999999999997,Low
47,24,3,62,21,322.2,High
117,20,4,1,23,306.29999999999995,High
71,10,7,76,16,366.0,High
71,20,1,63,17,297.3,High
109,14,6,37,31,341.09999999999997,High
10,12,0,32,37,87.6,Low
40,7,2,50,23,173.4,Medium
40,16,3,45,31,228.3,Medium
78,15,5,19,32,263.70000000000005,High
73,7,7,1,32,218.70000000000002,Medium
32,8,4,29,32,163.5,Medium
76,19,1,21,38,209.1,Medium
65,5,6,45,49,224.7,Medium
14,1,1,43,48,47.7,Low
103,10,4,66,5,348.6,High
8,5,0,31,40,38.099999999999994,Low
113,11,7,71,49,375.3,High
91,19,5,6,10,310.2,High
83,15,3,5,21,225.9,Medium
25,2,6,40,41,160.8,Medium
13,10,1,11,22,83.69999999999999,Low
11,12,0,44,18,129.6,Medium
54,13,3,44,7,254.4,High
92,22,4,54,31,358.2,High
50,11,1,69,17,227.1,Medium
82,21,4,55,40,330.9,High
58,2,3,73,34,204.3,Medium
60,21,6,78,32,384.6,High
6,11,0,30,23,90.60000000000001,Low
19,4,3,19,23,101.70000000000002,Low
49,16,2,35,33,203.70000000000002,Medium
99,1,6,33,35,240.3,Medium
5,6,1,57,11,132.3,Medium
2,12,1,39,20,126.9,Medium
14,0,2,25,7,81.89999999999999,Low
99,15,5,41,43,308.7,High
13,13,1,36,4,160.79999999999998,Medium
37,12,0,61,46,152.70000000000002,Medium
13,23,6,1,38,217.50000000000003,Medium
69,16,2,27,1,254.10000000000002,High
34,4,4,64,39,186.0,Medium
75,23,3,44,22,321.6,High
46,10,1,66,13,216.6,Medium
79,9,4,9,11,221.10000000000002,Medium
93,8,0,4,19,142.79999999999998,Medium
7,10,3,0,19,99.60000000000001,Low
27,24,2,36,46,211.2,Medium
100,11,4,48,48,272.4,High
119,11,7,27,46,320.09999999999997,High
78,5,3,60,19,244.8,Medium
113,13,1,72,36,296.40000000000003,High
19,0,6,34,5,175.8,Medium
100,20,2,68,32,339.6,High
112,18,5,11,41,299.7,High
19,20,1,42,33,184.20000000000002,Medium
88,17,4,56,38,318.0,High
94,23,6,42,49,363.0,High
22,11,5,22,44,162.60000000000002,Medium
51,15,1,7,49,120.89999999999999,Medium
84,0,6,7,28,185.70000000000002,Medium
95,5,4,46,33,245.4,Medium
64,22,6,42,9,369.0,High
29,17,1,16,25,148.8,Medium
7,14,7,75,26,299.7,High
71,24,5,67,32,381.3,High
0,18,6,79,13,318.9,High
52,15,4,61,27,283.5,High
65,17,7,69,8,399.9,High
32,8,0,47,12,142.5,Medium
72,20,4,30,40,275.4,High
74,3,1,3,37,84.9,Low
18,5,1,12,40,39.599999999999994,Low
22,18,4,74,0,317.4,High
87,21,6,14,0,359.4,High
75,6,6,20,18,242.4,Medium
59,24,0,48,31,249.60000000000002,Medium
112,2,3,10,34,174.60000000000002,Medium
71,13,5,73,1,361.5,High
45,8,2,25,7,167.1,Medium
47,1,5,27,28,159.3,Medium
25,24,3,4,33,194.4,Medium
47,4,6,43,35,210.9,Medium
14,10,7,69,45,252.3,High
113,11,2,42,44,247.8,Medium
20,22,2,79,46,255.3,High
116,14,0,35,10,263.7,High
50,14,3,20,12,213.6,Medium
85,18,1,77,3,339.9,High
111,20,3,26,28,312.59999999999997,High
110,2,7,15,41,243.3,Medium
35,17,1,48,12,219.6,Medium
3,24,5,74,6,341.40000000000003,High
94,11,1,38,12,239.4,Medium
30,6,6,55,48,204.9,Medium
41,9,7,35,19,258.9,High
67,21,6,53,0,393.9,High
43,23,4,46,12,316.20000000000005,High
118,21,5,20,21,362.40000000000003,High
91,8,1,8,14,170.39999999999998,Medium
9,23,1,41,7,219.9,Medium
23,15,0,25,26,123.89999999999999,Medium
36,3,1,23,18,92.1,Low
99,6,1,17,18,176.70000000000002,Medium
35,9,0,54,49,118.2,Low
68,14,0,32,20,189.6,Medium
80,21,7,36,14,385.2,High
34,6,7,10,9,207.0,Medium
72,13,4,56,24,291.59999999999997,High
1,2,6,17,2,144.29999999999998,Medium
41,21,4,38,40,256.2,High
112,10,6,23,45,282.9,High
18,3,1,41,31,81.9,Low
38,12,5,35,39,213.3,Medium
100,0,3,2,8,167.4,Medium
7,0,2,69,40,99.9,Low
102,3,4,48,1,283.2,High
59,4,3,26,31,150.60000000000002,Medium
20,7,5,71,49,203.7,Medium
66,21,3,57,2,342.3,High
85,5,1,43,1,213.3,Medium
101,16,2,29,7,288.3,High
21,11,1,35,4,156.89999999999998,Medium
76,14,0,54,15,238.2,Medium
105,24,6,15,11,387.3,High
16,15,3,7,19,150.89999999999998,Medium
2,15,5,22,27,183.0,Medium
114,7,5,4,19,251.99999999999994,High
103,23,3,64,29,376.8,High
20,19,5,21,17,239.1,Medium
71,6,7,32,15,277.2,High
75,5,3,13,35,151.5,Medium
96,22,1,65,40,314.7,High
84,1,2,72,0,250.8,High
74,2,3,61,22,219.9,Medium
25,3,1,54,5,141.0,Medium
34,21,2,14,21,198.60000000000002,Medium
59,4,3,11,46,110.10000000000002,Low
48,9,5,44,34,226.8,Medium
29,23,1,29,13,218.70000000000002,Medium
5,2,7,6,13,137.4,Medium
72,14,4,34,1,292.2,High
90,1,2,77,19,242.7,Medium
81,9,0,65,24,219.89999999999998,Medium
53,0,3,13,0,137.1,Medium
109,15,5,51,2,384.9,High
98,8,5,24,12,277.20000000000005,High
116,1,7,20,33,261.59999999999997,High
67,24,6,67,44,380.09999999999997,High
59,11,7,12,30,244.8,Medium
77,19,1,59,5,306.9,High
31,10,5,1,22,162.29999999999998,Medium
82,18,4,33,9,317.09999999999997,High
88,1,5,10,49,157.8,Medium
30,23,6,72,22,363.6,High
82,8,2,20,8,202.79999999999998,Medium
27,13,2,6,15,137.4,Medium
15,0,3,3,38,30.9,Low
39,16,4,51,28,257.7,High
51,3,3,37,38,143.1,Medium
49,4,3,62,34,189.0,Medium
6,21,5,70,36,285.0,High
85,4,5,54,1,295.8,High
61,20,5,78,20,376.2,High
9,22,1,38,4,213.0,Medium
64,12,4,52,17,278.40000000000003,High
100,12,7,35,16,351.3,High
98,16,3,10,20,258.6,High
51,22,4,25,3,299.09999999999997,High
33,19,7,51,28,322.5,High
37,9,4,41,12,217.5,Medium
112,8,7,16,8,322.79999999999995,High
40,0,1,59,47,98.1,Low
28,0,1,57,39,90.3,Low
20,10,6,33,7,233.1,Medium
58,21,7,48,14,376.8,High
16,22,7,44,18,321.59999999999997,High
68,11,0,7,12,143.7,Medium
71,24,6,42,0,400.2,High
108,18,7,23,16,378.90000000000003,High
4,19,4,57,30,240.3,Medium
109,3,2,51,14,244.49999999999994,Medium
82,6,2,27,42,160.49999999999997,Medium
57,4,4,7,9,164.09999999999997,Medium
37,14,7,7,39,218.09999999999997,Medium
24,8,1,78,49,153.0,Medium
66,16,3,67,13,314.09999999999997,High
104,8,0,61,49,205.5,Medium
9,20,3,11,26,170.10000000000002,Medium
103,1,5,12,31,200.4,Medium
94,15,7,31,33,335.7,High
10,9,6,16,39,151.2,Medium
17,22,0,24,39,141.60000000000002,Medium
58,13,3,21,29,198.3,Medium
83,20,3,31,45,266.1,High
112,23,4,31,29,356.09999999999997,High
118,6,0,11,40,146.1,Medium
46,17,4,12,20,223.2,Medium
7,13,7,6,22,195.0,Medium
107,10,7,21,42,295.5,High
88,21,3,28,12,313.20000000000005,High
81,1,4,78,26,261.0,High
49,14,2,22,23,184.20000000000002,Medium
43,12,5,42,36,233.40000000000003,Medium
60,0,7,2,18,179.4,Medium
22,6,3,24,36,109.20000000000002,Low
110,7,1,57,15,259.5,High
71,0,3,4,2,142.79999999999998,Medium
64,3,7,63,41,266.1,High
97,10,0,9,20,165.89999999999998,Medium
45,6,2,26,1,163.8,Medium
40,15,4,8,35,180.0,Medium
85,9,1,57,11,246.3,Medium
80,13,5,33,19,290.7,High
74,15,2,69,18,296.7,High
100,3,6,3,19,227.7,Medium
9,23,5,25,36,233.10000000000002,Medium
101,20,5,20,9,350.4,High
37,13,3,59,44,212.09999999999997,Medium
19,16,6,70,3,328.2,High
92,13,2,79,3,339.29999999999995,High
119,23,1,29,17,321.9,High
18,18,0,62,45,168.6,Medium
82,21,7,75,29,428.09999999999997,High
57,5,4,30,35,173.39999999999998,Medium
63,18,7,44,35,333.6,High
93,22,0,54,32,286.20000000000005,High
17,19,0,46,10,191.4,Medium
56,21,4,32,16,294.0,High
69,3,3,46,26,192.60000000000002,Medium
14,5,6,77,10,258.3,High
102,8,1,15,4,206.09999999999997,Medium
115,9,1,2,12,198.6,Medium
106,16,5,69,16,397.5,High
108,18,4,18,41,287.40000000000003,High
34,13,1,68,28,205.20000000000002,Medium
63,4,3,48,20,201.6,Medium
73,4,3,69,25,239.10000000000002,Medium
3,6,6,34,0,198.6,Medium
23,24,3,69,40,281.1,High
53,13,3,59,30,248.10000000000002,Medium
83,23,0,35,20,266.1,High
29,23,3,29,21,245.10000000000002,Medium
91,6,2,54,27,229.79999999999998,Medium
13,23,1,79,15,272.1,High
53,9,0,76,5,225.6,Medium
43,8,4,55,42,203.7,Medium
83,17,1,56,20,279.6,High
67,17,0,6,5,185.39999999999998,Medium
14,17,7,74,19,333.0,High
87,14,7,70,20,395.4,High
41,11,7,13,36,217.5,Medium
57,20,1,68,2,306.0,High
86,4,7,48,18,303.59999999999997,High
114,24,4,11,40,321.29999999999995,High
32,17,4,67,41,263.7,High
70,21,6,32,16,346.8,High
23,1,3,57,42,122.69999999999999,Medium
40,6,5,48,16,226.8,Medium
97,5,5,69,33,300.29999999999995,High
64,9,4,4,1,207.60000000000002,Medium
21,15,0,65,9,201.89999999999998,Medium
97,15,7,50,38,361.79999999999995,High
85,11,7,39,37,308.1,High
59,9,2,63,48,197.70000000000002,Medium
63,6,4,19,25,182.1,Medium
67,13,3,14,39,186.59999999999997,Medium
84,14,5,13,26,263.1,High
104,7,1,27,25,195.3,Medium
112,1,0,2,7,135.0,Medium
43,0,1,5,38,31.499999999999993,Low
51,22,0,49,42,216.29999999999998,Medium
18,4,2,10,11,83.39999999999999,Low
73,7,7,40,35,273.6,High
100,20,7,54,8,437.4,High
46,14,7,41,19,303.9,High
69,11,1,6,15,157.8,Medium
2,12,2,26,49,90.60000000000001,Low
106,7,5,32,27,274.8,High
0,22,7,7,36,225.3,Medium
31,15,2,3,29,132.89999999999998,Medium
69,13,5,18,31,240.60000000000002,Medium
8,11,2,45,15,161.1,Medium
0,12,6,20,29,175.2,Medium
12,1,3,27,37,70.5,Low
94,22,7,26,4,405.0,High
24,2,0,67,24,112.50000000000001,Low
19,1,1,4,34,12.0,Low
60,8,3,49,5,241.5,Medium
82,11,0,10,1,178.2,Medium
46,11,3,72,20,259.2,High
87,1,5,2,11,190.2,Medium
91,15,4,27,25,281.7,High
61,0,4,34,33,156.6,Medium
40,18,6,57,10,337.5,High
56,22,7,21,16,337.5,High
68,11,2,14,26,173.4,Medium
34,0,3,15,33,77.69999999999999,Low
65,2,7,27,46,201.3,Medium
38,5,0,19,0,104.1,Low
71,22,6,62,2,415.8,High
3,24,6,37,14,294.3,High
62,20,2,56,45,260.4,High
115,13,3,75,16,363.3,High
38,8,2,76,14,226.79999999999998,Medium
81,18,0,5,26,181.5,Medium
22,1,7,45,37,181.5,Medium
13,3,4,71,34,171.3,Medium
18,13,2,24,39,124.8,Medium
87,13,1,21,47,175.49999999999997,Medium
82,13,2,2,41,166.2,Medium
18,8,3,44,6,182.4,Medium
77,8,2,18,46,148.2,Medium
115,13,7,37,35,355.5,High
39,16,5,8,32,206.4,Medium
119,19,0,13,10,264.29999999999995,High
52,2,0,58,13,145.8,Medium
93,8,3,67,27,281.70000000000005,High
7,1,0,40,15,56.400000000000006,Low
92,16,7,29,11,362.7,High
34,10,7,49,20,276.3,High
20,4,7,19,36,159.3,Medium
66,11,0,72,8,243.6,Medium
67,2,0,64,7,179.99999999999997,Medium
44,22,6,39,11,338.1,High
53,11,5,46,14,271.8,High
104,18,1,51,28,293.7,High
21,7,4,50,37,169.79999999999998,Medium
19,24,4,50,3,310.2,High
54,6,3,27,3,191.70000000000002,Medium
21,11,4,66,21,237.0,Medium
107,1,7,33,26,278.7,High
54,8,0,71,22,192.9,Medium
37,5,5,24,17,180.0,Medium
16,11,5,26,7,205.79999999999998,Medium
82,9,0,56,28,202.79999999999998,Medium
108,16,2,39,13,304.5,High
34,15,4,55,48,227.70000000000002,Medium
12,5,0,45,48,54.30000000000001,Low
61,7,2,19,32,141.29999999999998,Medium
89,6,4,48,41,237.60000000000002,Medium
106,21,5,8,23,327.59999999999997,High
36,16,0,16,23,135.6,Medium
20,18,2,38,40,177.0,Medium
38,12,7,10,45,204.60000000000002,Medium
18,10,4,45,44,168.3,Medium
0,7,3,18,11,109.8,Low
71,7,4,11,47,159.29999999999998,Medium
32,12,1,68,7,222.0,Medium
24,13,6,29,44,205.5,Medium
46,22,0,46,19,233.39999999999998,Medium
81,17,1,67,29,282.9,High
32,3,1,18,46,46.20000000000001,Low
27,7,3,75,14,224.1,Medium
40,6,1,62,28,161.4,Medium
104,9,1,50,10,259.8,High
76,9,5,50,8,300.59999999999997,High
38,2,3,69,26,183.9,Medium
116,1,4,37,2,270.3,High
15,7,1,40,11,124.8,Medium
34,10,0,54,44,129.0,Medium
78,4,4,61,48,223.50000000000003,Medium
94,24,6,23,37,354.90000000000003,High
27,20,5,17,35,225.89999999999998,Medium
98,12,6,72,37,361.20000000000005,High
29,11,1,31,2,162.9,Medium
66,11,6,40,22,286.8,High
103,10,7,31,35,314.1,High
32,23,6,33,27,301.5,High
36,6,3,36,0,187.2,Medium
64,14,3,18,28,208.20000000000002,Medium
73,17,3,34,42,244.20000000000002,Medium
110,10,0,37,4,242.7,Medium
7,1,7,55,11,209.70000000000002,Medium
101,0,6,3,48,176.1,Medium
108,17,4,29,23,319.5,High
58,2,2,44,3,180.0,Medium
25,13,5,63,26,261.3,High
105,18,1,5,14,242.7,Medium
116,9,4,36,41,270.0,High
100,2,6,5,3,243.9,Medium
17,8,0,28,12,96.0,Low
58,14,5,16,44,214.8,Medium
95,15,5,67,4,389.7,High
36,8,0,12,33,69.6,Low
108,21,4,50,2,400.20000000000005,High
41,1,7,50,48,198.6,Medium
84,13,6,20,43,265.2,High
10,6,3,0,27,69.6,Low
62,23,4,12,46,247.2,Medium
97,10,3,50,16,286.2,High
98,17,7,23,18,358.5,High
36,6,4,7,27,129.29999999999998,Medium
4,16,4,35,18,203.70000000000002,Medium
63,20,1,10,44,175.8,Medium
46,11,5,20,10,229.2,Medium
102,4,0,55,19,206.09999999999997,Medium
40,13,1,11,5,154.5,Medium
16,18,2,25,47,144.29999999999998,Medium
107,11,3,69,35,309.9,High
101,10,0,61,23,245.1,Medium
22,14,2,74,49,198.59999999999997,Medium
80,18,4,77,26,360.3,High
81,18,6,3,6,310.5,High
108,2,7,72,7,367.20000000000005,High
115,12,0,71,18,294.9,High
62,5,2,58,4,222.59999999999997,Medium
12,14,5,60,30,242.39999999999998,Medium
118,15,1,21,28,247.50000000000003,Medium
85,10,2,53,9,266.7,High
41,20,7,75,1,406.5,High
40,23,2,55,29,269.7,High
56,14,2,18,49,155.39999999999998,Medium
7,16,7,70,29,300.59999999999997,High
6,2,0,35,24,42.900000000000006,Low
36,0,6,36,12,190.79999999999998,Medium
103,7,4,59,8,316.5,High
0,3,2,65,39,104.7,Low
22,8,1,45,13,144.3,Medium
3,5,2,71,2,173.7,Medium
13,12,4,33,44,156.3,Medium
60,18,2,15,1,237.3,Medium
39,16,6,33,41,251.10000000000002,High
15,5,3,65,1,198.3,Medium
89,12,7,30,33,310.2,High
38,2,7,77,26,267.90000000000003,High
117,6,4,38,0,305.4,High
16,8,5,52,12,220.79999999999998,Medium
20,18,4,18,24,202.2,Medium
85,16,6,22,31,301.8,High
61,9,1,71,19,228.89999999999998,Medium
31,17,5,49,27,270.3,High
109,19,4,23,14,334.49999999999994,High
21,3,4,58,22,175.79999999999998,Medium
7,17,3,30,13,193.8,Medium
33,17,7,74,40,330.6,High
75,16,6,56,30,342.0,High
112,17,7,37,16,398.7,High
86,23,1,7,40,221.7,Medium
5,4,3,63,28,144.9,Medium
27,10,0,64,42,138.0,Medium
18,8,2,33,43,103.5,Low
67,3,1,14,12,122.99999999999997,Medium
82,16,5,55,11,353.7,High
50,4,0,57,22,143.1,Medium
89,0,3,54,9,231.0,Medium
46,22,4,20,42,238.79999999999998,Medium
12,4,0,23,43,21.300000000000004,Low
10,16,3,46,24,202.2,Medium
93,8,4,11,36,204.9,Medium
41,16,4,47,38,242.1,Medium
27,8,2,46,47,129.0,Medium
17,13,2,70,40,191.4,Medium
12,17,4,12,35,164.4,Medium
30,1,7,8,8,170.4,Medium
37,10,5,55,21,251.7,High
96,3,4,44,44,218.39999999999998,Medium
33,8,7,7,6,216.9,Medium
35,17,2,27,5,214.5,Medium
107,11,4,27,39,260.09999999999997,High
53,21,0,20,42,169.2,Medium
98,12,0,48,9,250.8,High
52,11,6,52,9,303.59999999999997,High
45,12,4,23,1,231.3,Medium
85,16,3,13,9,260.7,High
34,24,2,16,11,231.60000000000002,Medium
53,19,7,28,42,295.20000000000005,High
24,3,1,59,25,123.30000000000001,Medium
101,0,3,27,15,197.7,Medium
46,16,7,57,11,349.5,High
26,21,4,41,46,235.5,Medium
93,8,1,36,5,225.6,Medium
6,20,0,32,6,168.0,Medium
115,24,5,11,15,370.5,High
79,10,4,76,6,333.6,High
99,14,2,72,31,309.6,High
74,7,0,71,44,184.5,Medium
85,3,7,66,28,311.4,High
104,1,1,27,12,174.9,Medium
78,22,3,3,25,254.10000000000002,High
103,8,6,4,31,248.40000000000003,Medium
83,17,2,14,31,221.40000000000003,Medium
27,21,0,16,25,152.4,Medium
107,6,1,56,25,236.39999999999998,Medium
24,9,2,44,18,163.20000000000002,Medium
10,12,4,71,39,215.7,Medium
67,14,6,27,10,300.9,High
106,0,0,46,37,151.79999999999998,Medium
87,21,3,56,46,313.2,High
30,8,5,25,48,153.9,Medium
113,4,3,51,40,242.10000000000002,Medium
74,23,5,32,49,306.0,High
37,1,6,60,20,224.4,Medium
45,4,5,37,21,198.3,Medium
61,17,5,73,45,320.7,High
12,2,5,5,28,90.30000000000001,Low
7,11,4,32,16,175.20000000000002,Medium
111,10,4,49,10,326.7,High
94,11,5,40,15,310.8,High
67,2,3,47,25,186.89999999999998,Medium
61,24,3,10,36,243.0,Medium
88,17,2,54,37,280.20000000000005,High
117,17,1,5,3,264.29999999999995,High
107,18,4,58,33,355.79999999999995,High
16,10,2,79,1,232.5,Medium
33,22,7,12,41,266.40000000000003,High
7,3,6,64,42,180.0,Medium
38,16,2,43,8,232.5,Medium
36,9,3,27,41,142.5,Medium
42,20,7,41,39,311.09999999999997,High
65,22,7,47,26,375.3,High
21,4,2,66,43,132.6,Medium
12,12,1,8,26,85.2,Low
33,18,0,31,24,165.3,Medium
92,6,0,66,19,222.59999999999997,Medium
19,20,5,34,34,243.0,Medium
112,6,2,77,16,302.7,High
17,12,3,52,26,193.20000000000002,Medium
81,3,0,0,25,85.2,Low
108,19,3,9,10,299.1,High
40,8,4,64,16,244.8,Medium
21,1,7,40,28,183.6,Medium
67,4,7,10,20,221.39999999999998,Medium
98,11,1,18,44,175.8,Medium
59,6,6,70,25,289.8,High
39,4,4,77,3,254.70000000000002,High
22,9,3,14,49,96.60000000000001,Low
115,12,4,7,40,244.5,Medium
111,18,7,45,27,402.3,High
109,24,2,67,14,394.49999999999994,High
98,4,0,66,46,185.4,Medium
23,7,6,60,35,225.60000000000002,Medium
97,23,7,3,2,382.5,High
33,24,0,52,22,235.20000000000002,Medium
108,4,6,52,40,291.6,High
56,24,3,53,5,338.7,High
100,24,1,39,6,333.3,High
102,5,4,60,19,291.59999999999997,High
2,18,5,46,3,265.79999999999995,High
91,11,5,35,46,262.5,High
40,4,4,57,49,170.7,Medium
29,4,0,26,13,82.2,Low
56,15,2,46,35,220.2,Medium
38,15,7,21,20,269.1,High
53,20,7,15,30,296.1,High
41,9,7,58,33,276.59999999999997,High
8,16,2,9,21,129.9,Medium
16,3,7,51,46,184.5,Medium
24,20,4,64,24,288.0,High
50,3,0,65,39,128.7,Medium
14,6,2,69,0,192.3,Medium
110,22,1,38,16,319.8,High
33,8,4,72,12,253.20000000000002,High
69,5,3,51,2,240.9,Medium
80,16,3,46,44,262.2,High
54,0,0,66,25,133.8,Medium
14,3,7,67,17,240.9,Medium
112,18,2,34,39,282.59999999999997,High
77,0,5,33,3,228.29999999999998,Medium
87,18,5,48,39,327.59999999999997,High
82,20,0,68,26,289.2,High
79,5,7,12,47,212.4,Medium
63,2,2,75,15,218.1,Medium
42,9,0,19,30,96.9,Low
67,11,6,1,21,230.7,Medium
114,24,4,71,6,452.09999999999997,High
77,23,6,66,49,378.59999999999997,High
15,22,2,50,17,240.6,Medium
115,15,7,11,10,358.5,High
4,11,0,5,32,39.9,Low
4,24,3,77,4,313.5,High
117,23,2,32,49,303.59999999999997,High
111,8,2,68,1,318.0,High
93,14,6,67,32,365.70000000000005,High
12,19,5,6,14,210.6,Medium
86,13,6,18,28,282.59999999999997,High
119,19,4,23,17,342.9,High
62,9,0,56,7,203.99999999999997,Medium
89,9,0,65,5,252.3,High
57,4,3,61,40,189.89999999999998,Medium
68,17,1,40,48,204.00000000000003,Medium
90,16,3,70,2,360.6,High
9,1,0,34,15,49.8,Low
1,23,1,37,21,187.5,Medium
25,10,6,38,26,223.8,Medium
28,14,5,19,26,204.9,Medium
40,21,3,18,19,232.2,Medium
98,14,1,29,33,223.50000000000003,Medium
21,2,5,78,26,213.0,Medium
9,8,0,47,5,123.30000000000001,Medium
104,3,2,1,28,146.70000000000002,Medium
67,0,2,25,24,125.09999999999998,Medium
9,20,6,58,21,300.6,High
50,15,4,21,35,211.5,Medium
97,24,4,27,0,372.9,High
112,12,3,6,48,211.79999999999998,Medium
8,3,2,0,9,52.800000000000004,Low
35,8,4,45,41,180.3,Medium
31,5,7,37,16,229.5,Medium
73,17,2,53,49,246.3,Medium
34,19,2,24,27,194.4,Medium
110,14,3,72,26,346.8,High
25,18,7,16,42,237.6,Medium
